{"LAT_REF": 35.351100270006185, "LON_REF": -80.68301186301831, "ANGLE": 90, "TRACK_NAME": "Charlotte Roval"}